n,structure,position,operation,avg_time_ms,movement_count,ops_performed,theoretical
100,DynamicArray,front,insert,1,9884,601000,1000,O(n)
100,LinkedList,front,insert,0,1368,1000,1000,O(1)
100,DynamicArray,front,remove,0,0884,4950,100,O(n)
100,LinkedList,front,remove,0,0077,100,100,O(1)
100,DynamicArray,middle,insert,1,4900,301500,1000,O(n)
100,LinkedList,middle,insert,0,9022,1000,1000,O(n)
100,DynamicArray,middle,remove,0,0192,2450,100,O(n)
100,LinkedList,middle,remove,0,0088,100,100,O(n)
1000,DynamicArray,front,insert,0,4958,1500500,1000,O(n)
1000,LinkedList,front,insert,0,0360,1000,1000,O(1)
1000,DynamicArray,front,remove,1,4345,499500,1000,O(n)
1000,LinkedList,front,remove,0,0297,1000,1000,O(1)
1000,DynamicArray,middle,insert,0,1460,751000,1000,O(n)
1000,LinkedList,middle,insert,1,7178,1000,1000,O(n)
1000,DynamicArray,middle,remove,0,1013,249500,1000,O(n)
1000,LinkedList,middle,remove,0,5439,1000,1000,O(n)
10000,DynamicArray,front,insert,0,8193,10509500,1000,O(n)
10000,LinkedList,front,insert,0,0216,1000,1000,O(1)
10000,DynamicArray,front,remove,0,4804,9499500,1000,O(n)
10000,LinkedList,front,remove,0,0120,1000,1000,O(1)
10000,DynamicArray,middle,insert,0,4091,5260000,1000,O(n)
10000,LinkedList,middle,insert,15,7799,1000,1000,O(n)
10000,DynamicArray,middle,remove,0,2675,4749500,1000,O(n)
10000,LinkedList,middle,remove,11,9702,1000,1000,O(n)
100000,DynamicArray,front,insert,10,4114,100599500,1000,O(n)
100000,LinkedList,front,insert,0,0225,1000,1000,O(1)
100000,DynamicArray,front,remove,13,8102,99499500,1000,O(n)
100000,LinkedList,front,remove,0,0283,1000,1000,O(1)
100000,DynamicArray,middle,insert,5,3097,50350000,1000,O(n)
100000,LinkedList,middle,insert,120,9275,1000,1000,O(n)
100000,DynamicArray,middle,remove,5,0193,49749500,1000,O(n)
100000,LinkedList,middle,remove,134,8936,1000,1000,O(n)
